Label,Type,Description,Image


Deal with Emergencies: Get Started,Deal with Emergencies,,http://dummyimage.com/100.png/ffffd9&text=+

Deal with Emergencies: Seek Remote Help,Deal with Emergencies,,http://dummyimage.com/100.png/ffffd9&text=+

Deal with Emergencies: Hijacked Account,Deal with Emergencies,,http://dummyimage.com/100.png/ffffd9&text=+

Deal with Emergencies: Devices Seized,Deal with Emergencies,,http://dummyimage.com/100.png/ffffd9&text=+

Deal with Emergencies: Malware,Deal with Emergencies,,http://dummyimage.com/100.png/ffffd9&text=+

Deal with Emergencies: Website under attack,Deal with Emergencies,,http://dummyimage.com/100.png/ffffd9&text=+

Deal with Emergencies: After an Emergency,Deal with Emergencies,,http://dummyimage.com/100.png/ffffd9&text=+


Plan and Prepare: Get Started,Plan and Prepare,,http://dummyimage.com/100.png/edf8b1&text=+

Plan and Prepare: Understand Threats,Plan and Prepare,,http://dummyimage.com/100.png/edf8b1&text=+

Plan and Prepare: Assess security risks,Plan and Prepare,,http://dummyimage.com/100.png/edf8b1&text=+

Plan and Prepare: Preparing for emergencies with your contacts,Plan and Prepare,,http://dummyimage.com/100.png/edf8b1&text=+


Safe Phones: Getting Started,Safe Phones,,http://dummyimage.com/100.png/c7e9b4&text=+

Safe Phones: Instant Messaging on Smart Phones,Safe Phones,,http://dummyimage.com/100.png/c7e9b4&text=+


Safe Social Networks: Get started with social networks,Safe Social Networks,,http://dummyimage.com/100.png/7fcdbb&text=+

Safe Social Networks: How to control access to your personal details?,Safe Social Networks,,http://dummyimage.com/100.png/7fcdbb&text=+

Safe Social Networks: Control access to your personal details,Safe Social Networks,,http://dummyimage.com/100.png/7fcdbb&text=+

Safe Social Networks: Chatting securely,Safe Social Networks,,http://dummyimage.com/100.png/7fcdbb&text=+


Manage your website: Get started,Manage your website,,http://dummyimage.com/100.png/41b6c4&text=+

Manage your website: Down website,Manage your website,,http://dummyimage.com/100.png/41b6c4&text=+


Learn with Open Mentoring: Getting Started with the Open Mentoring App,Learn with Open Mentoring,,http://dummyimage.com/100.png/1d91c0&text=+

Learn with Open Mentoring: How to share the Open Mentoring App,Learn with Open Mentoring,,http://dummyimage.com/100.png/1d91c0&text=+


Calls: Get Started,Calls,,http://dummyimage.com/100.png/225ea8&text=+

Calls: Messaging,Calls,,http://dummyimage.com/100.png/225ea8&text=+

Calls: How to have voice calls?,Calls,,http://dummyimage.com/100.png/225ea8&text=+


Communicate with Conversations: Getting Started with Signal,Communicate with Conversations,,http://dummyimage.com/100.png/0c2c84&text=+

Communicate with Conversations: How to use messaging?,Communicate with Conversations,,http://dummyimage.com/100.png/0c2c84&text=+


Browse Privately with Orbot: Getting Started,Browse Privately with Orbot,,http://dummyimage.com/100.png/ffffd9&text=+


Browse Privately with Tor Browser: Getting Started,Browse Privately with Tor Browser,,http://dummyimage.com/100.png/edf8b1&text=+

Browse Privately with Tor Browser: How to prevent your traffic from being watched,Browse Privately with Tor Browser,,http://dummyimage.com/100.png/edf8b1&text=+


Manage your Passwords with KeepassX: Using KeePassX,Manage your Passwords with KeepassX,,http://dummyimage.com/100.png/c7e9b4&text=+

Manage your Passwords with KeepassX: Create a new entry,Manage your Passwords with KeepassX,,http://dummyimage.com/100.png/c7e9b4&text=+


Use Veracrypt: Use Veracrypt,Use Veracrypt,,http://dummyimage.com/100.png/7fcdbb&text=+

Use Veracrypt: Create a standard encrypted volume,Use Veracrypt,,http://dummyimage.com/100.png/7fcdbb&text=+


Encrypt Emails with Enigmail: Get Started with Enigmail,Encrypt Emails with Enigmail,,http://dummyimage.com/100.png/41b6c4&text=+

Encrypt Emails with Enigmail: Generate a new key pair using Enigmail,Encrypt Emails with Enigmail,,http://dummyimage.com/100.png/41b6c4&text=+

Encrypt Emails with Enigmail: Encrypt and decrypt messages using Enigmail,Encrypt Emails with Enigmail,,http://dummyimage.com/100.png/41b6c4&text=+


Computer Hygiene: Getting started with computer hygiene,Computer Hygiene,,http://dummyimage.com/100.png/1d91c0&text=+

Computer Hygiene: Get started with computer hygiene,Computer Hygiene,,http://dummyimage.com/100.png/1d91c0&text=+

Computer Hygiene: Understand Threats,Computer Hygiene,,http://dummyimage.com/100.png/1d91c0&text=+


Android Hygiene: Get Started,Android Hygiene,,http://dummyimage.com/100.png/225ea8&text=+

Android Hygiene: Understanding Threats,Android Hygiene,,http://dummyimage.com/100.png/225ea8&text=+

Android Hygiene: Preparing for emergencies with your contacts,Android Hygiene,,http://dummyimage.com/100.png/225ea8&text=+

Android Hygiene: Preparing for emergencies with your contacts,Android Hygiene,,http://dummyimage.com/100.png/225ea8&text=+


How does it work?: Getting Started,How does it work?,,http://dummyimage.com/100.png/0c2c84&text=+

How does it work?: Computers,How does it work?,,http://dummyimage.com/100.png/0c2c84&text=+

How does it work?: Phones,How does it work?,,http://dummyimage.com/100.png/0c2c84&text=+

How does it work?: Smart Phones,How does it work?,,http://dummyimage.com/100.png/0c2c84&text=+

How does it work?: Internet,How does it work?,,http://dummyimage.com/100.png/0c2c84&text=+


Understand Security: Get Started,Understand Security,,http://dummyimage.com/100.png/ffffd9&text=+

Understand Security: Your Security,Understand Security,,http://dummyimage.com/100.png/ffffd9&text=+

Understand Security: Your Well Being,Understand Security,,http://dummyimage.com/100.png/ffffd9&text=+

Understand Security: Your Story,Understand Security,,http://dummyimage.com/100.png/ffffd9&text=+

Understand Security: Your Sources,Understand Security,,http://dummyimage.com/100.png/ffffd9&text=+

Understand Security: Your colleagues,Understand Security,,http://dummyimage.com/100.png/ffffd9&text=+


Understand Operational Security: Getting Started,Understand Operational Security,,http://dummyimage.com/100.png/edf8b1&text=+

Understand Operational Security: Establishing Trust,Understand Operational Security,,http://dummyimage.com/100.png/edf8b1&text=+

Understand Operational Security: Organisational Security,Understand Operational Security,,http://dummyimage.com/100.png/edf8b1&text=+


Understanding Digital Security: Get Started,Understanding Digital Security,,http://dummyimage.com/100.png/c7e9b4&text=+

Understanding Digital Security: Encryption,Understanding Digital Security,,http://dummyimage.com/100.png/c7e9b4&text=+

Understanding Digital Security: Passwords,Understanding Digital Security,,http://dummyimage.com/100.png/c7e9b4&text=+

Understanding Digital Security: Metadata,Understanding Digital Security,,http://dummyimage.com/100.png/c7e9b4&text=+

Understanding Digital Security: Secure Communications,Understanding Digital Security,,http://dummyimage.com/100.png/c7e9b4&text=+

Understanding Digital Security: Protecting Identity,Understanding Digital Security,,http://dummyimage.com/100.png/c7e9b4&text=+

Understanding Digital Security: Establishing Trust,Understanding Digital Security,,http://dummyimage.com/100.png/c7e9b4&text=+
